Vehicle ID,Charger ID,Local Connect Time,Local Disconnect Time,Local Charge Start Time,Local Charge End Time,Average Power,Max Power,Total Energy Delivered,Starting SOC,Ending SOC
EV026,CH007-CH008,,,9/1/2017 8:05,9/1/2017 8:09,193.386,342.28,13.91,81,99.5
EV026,CH007-CH008,,,9/1/2017 9:02,9/1/2017 9:11,308.8,363.64,24.091,65,100
EV026,CH007-CH008,,,9/1/2017 10:08,9/1/2017 10:14,327.83,364.82,31.054,57.5,100
EV026,CH007-CH008,,,9/1/2017 11:05,9/1/2017 11:14,321.533,361.06,25.935,62.5,99.5
EV026,CH007-CH008,,,9/1/2017 12:10,9/1/2017 12:19,230.942,360.1,32.01,56.5,100
EV026,CH007-CH008,,,9/1/2017 13:17,9/1/2017 13:21,269.571,345.72,22.278,67.5,100
EV026,CH007-CH008,,,9/1/2017 14:21,9/1/2017 14:26,321.826,349.84,30.021,58.5,100
EV026,CH007-CH008,,,9/1/2017 15:35,9/1/2017 15:40,181.935,337.9,24.621,59.5,98
EV026,CH007-CH008,,,9/1/2017 16:32,9/1/2017 16:46,266.749,339.36,18.808,75,100
EV026,CH007-CH008,,,9/1/2017 17:32,9/1/2017 17:37,234.292,321.48,26.028,62.5,99
EV026,CH007-CH008,,,9/1/2017 18:25,9/1/2017 18:33,258.797,331.88,21.946,68,100
EV026,CH007-CH008,,,9/1/2017 19:17,9/1/2017 19:25,226.071,331.9,15.238,79.5,100
EV026,CH007-CH008,,,9/6/2017 8:32,9/6/2017 8:41,248.194,348.36,27.098,62,99
EV026,CH007-CH008,,,9/14/2017 6:09,9/14/2017 6:16,244.985,343.46,27.937,55.5,91.5
EV026,CH007-CH008,,,9/14/2017 7:03,9/14/2017 7:08,273.88,339.12,24.507,64,98.5
EV026,CH007-CH008,,,9/14/2017 8:08,9/14/2017 8:13,318.528,370.68,27.575,61.5,100
EV026,CH007-CH008,,,9/14/2017 9:07,9/14/2017 9:11,120.812,234.92,24.684,65,100
EV026,CH007-CH008,,,9/14/2017 10:11,9/14/2017 10:16,212.545,345.04,24.657,65,100
EV026,CH007-CH008,,,9/14/2017 11:04,9/14/2017 11:08,324.91,369.52,25.331,63.5,99
EV026,CH007-CH008,,,9/14/2017 12:01,9/14/2017 12:05,240.338,369.98,33.837,55,100
EV026,CH007-CH008,,,9/14/2017 13:00,9/14/2017 13:05,300.152,352.64,23.378,55,86
EV026,CH007-CH008,,,9/14/2017 14:00,9/14/2017 14:06,301.396,334.44,18.047,60.5,86
EV026,CH007-CH008,,,9/14/2017 14:52,9/14/2017 14:58,314.356,364.8,21.604,68,99
EV026,CH007-CH008,,,9/14/2017 16:01,9/14/2017 16:07,266.729,373.84,26.771,62.5,100
EV026,CH007-CH008,,,9/14/2017 16:55,9/14/2017 17:01,294.705,348.06,22.38,67.5,100
EV026,CH007-CH008,,,9/14/2017 18:06,9/14/2017 18:12,272.374,362,17.754,76,100
EV026,CH007-CH008,,,9/14/2017 19:06,9/14/2017 19:12,308.894,364.62,31.56,57.5,100
EV026,CH007-CH008,,,9/14/2017 20:32,9/14/2017 20:40,300.026,360.46,18.988,65,92
EV026,CH007-CH008,,,9/15/2017 6:08,9/15/2017 6:17,296.93,345,33.467,55,98.5
EV026,CH007-CH008,,,9/15/2017 7:04,9/15/2017 7:09,286.766,349.5,21.614,56,84.5
EV026,CH007-CH008,,,9/15/2017 8:02,9/15/2017 8:06,309.419,344.68,20.93,72,100
EV026,CH007-CH008,,,9/15/2017 9:03,9/15/2017 9:07,318.5,349.7,32.424,56.5,100
EV026,CH007-CH008,,,9/15/2017 9:58,9/15/2017 10:02,127.311,331.32,18.614,71.5,95.5
EV026,CH007-CH008,,,9/15/2017 10:46,9/15/2017 10:51,281.412,344.32,29.827,58.5,98.5
EV026,CH007-CH008,,,9/15/2017 11:56,9/15/2017 12:01,322.484,353.32,21.176,64.5,94
EV026,CH007-CH008,,,9/15/2017 13:04,9/15/2017 13:10,307.717,362.36,23.047,66.5,99
EV026,CH007-CH008,,,9/15/2017 15:16,9/15/2017 15:21,290.249,372.24,22.92,67,100
EV026,CH007-CH008,,,9/15/2017 16:17,9/15/2017 16:22,198.344,338.34,19.343,74.5,100
EV026,CH007-CH008,,,9/15/2017 17:15,9/15/2017 17:19,335.45,371.18,24.309,65.5,100
EV026,CH007-CH008,,,9/15/2017 17:48,9/15/2017 17:56,320.961,363.46,21.183,72,100
EV026,CH007-CH008,,,9/18/2017 6:06,9/18/2017 6:14,252.075,354.86,34.818,53.5,100
EV026,CH007-CH008,,,9/18/2017 7:04,9/18/2017 7:09,310.558,365.62,25.307,64,100
EV026,CH007-CH008,,,9/18/2017 7:58,9/18/2017 8:02,244.01,335.22,27.92,57,98
EV026,CH007-CH008,,,9/18/2017 8:57,9/18/2017 9:03,272.11,364.44,23.525,58.5,91
EV026,CH007-CH008,,,9/18/2017 10:04,9/18/2017 10:09,316.275,365.66,25.791,63,100
EV026,CH007-CH008,,,9/18/2017 10:56,9/18/2017 11:02,319.31,350.24,29.54,56.5,95.5
EV026,CH007-CH008,,,9/18/2017 11:56,9/18/2017 12:01,311.686,354.04,22.772,66.5,99
EV026,CH007-CH008,,,9/18/2017 12:47,9/18/2017 12:53,322.868,366.08,26.937,62.5,100
EV026,CH007-CH008,,,9/18/2017 13:53,9/18/2017 13:58,328.097,353.62,35.131,52.5,99.5
EV026,CH007-CH008,,,9/18/2017 14:56,9/18/2017 15:03,297.642,347.72,7.928,60.5,73
EV026,CH007-CH008,,,9/18/2017 15:56,9/18/2017 16:02,297.739,352.1,20.077,73,100
EV026,CH007-CH008,,,9/18/2017 16:54,9/18/2017 17:01,298.113,357.28,23.886,66,100
EV026,CH007-CH008,,,9/18/2017 19:54,9/18/2017 21:03,294.789,341.04,18.186,76,100
EV026,CH007-CH008,,,9/19/2017 15:33,9/19/2017 15:44,311.674,372.46,30.3,57,97.5
EV026,CH007-CH008,,,9/20/2017 6:08,9/20/2017 6:16,287.932,356.38,28.239,58.5,97
EV026,CH007-CH008,,,9/20/2017 7:01,9/20/2017 7:06,256.535,346.86,25.362,64,100
EV026,CH007-CH008,,,9/20/2017 7:56,9/20/2017 8:01,255.798,370.28,25.998,63,99.5
EV026,CH007-CH008,,,9/20/2017 8:55,9/20/2017 9:00,223.379,353.24,32.316,56.5,100
EV026,CH007-CH008,,,9/20/2017 10:52,9/20/2017 11:01,300.97,357.92,16.289,71.5,96.5
EV026,CH007-CH008,,,9/20/2017 11:56,9/20/2017 12:03,295.214,360.46,26.564,62.5,100
EV026,CH007-CH008,,,9/20/2017 13:01,9/20/2017 13:07,23.561,134.9,32.611,55.5,98.5
EV026,CH007-CH008,,,9/20/2017 14:26,9/20/2017 14:33,163.319,266.78,14.461,63.5,84
EV026,CH007-CH008,,,9/20/2017 15:34,9/20/2017 15:39,331.512,371.6,22.945,67,100
EV026,CH007-CH008,,,9/22/2017 6:07,9/22/2017 6:16,280.039,372.64,19.561,74,100
EV026,CH007-CH008,,,9/22/2017 7:01,9/22/2017 7:05,298.612,354.48,20.025,73.5,100
EV026,CH007-CH008,,,9/22/2017 7:54,9/22/2017 7:59,341.789,377.24,21.453,72,100
EV026,CH007-CH008,,,9/22/2017 8:57,9/22/2017 9:02,148.489,260.7,36.364,51,99.5
EV026,CH007-CH008,,,9/22/2017 9:53,9/22/2017 9:57,23.074,43.14,28.261,57,100
EV026,CH007-CH008,,,9/22/2017 10:55,9/22/2017 10:59,310.723,349.04,25.543,62.5,97.5
EV026,CH007-CH008,,,9/22/2017 11:56,9/22/2017 12:03,271.102,363.52,26.335,62.5,100
EV026,CH007-CH008,,,9/22/2017 12:54,9/22/2017 12:59,304.023,347.26,27.662,60,98.5
EV026,CH007-CH008,,,9/22/2017 14:01,9/22/2017 14:07,335.458,367.36,27.454,61.5,100
EV026,CH007-CH008,,,9/22/2017 15:00,9/22/2017 15:05,234.422,329.36,23.519,65.5,99
EV026,CH007-CH008,,,9/22/2017 16:06,9/22/2017 16:12,289.365,354.44,19.974,73.5,100
EV026,CH007-CH008,,,9/22/2017 17:00,9/22/2017 17:05,335.441,372.74,30.34,58.5,100
EV026,CH007-CH008,,,9/22/2017 18:09,9/22/2017 18:14,296.016,357.52,19.37,65.5,93
EV026,CH007-CH008,,,9/22/2017 19:01,9/22/2017 19:06,301.886,339.18,20.691,72.5,100
EV026,CH007-CH008,,,9/22/2017 20:32,9/22/2017 20:40,258.739,345.52,22.528,67.5,100
EV026,CH007-CH008,,,9/26/2017 8:05,9/26/2017 8:09,228.539,346.84,19.551,74,100
EV026,CH007-CH008,,,9/26/2017 9:03,9/26/2017 9:08,256.447,361.54,23.764,66.5,100
EV026,CH007-CH008,,,9/26/2017 10:08,9/26/2017 10:13,-3.588,-3.36,27.501,56,91.5
EV026,CH007-CH008,,,9/26/2017 11:05,9/26/2017 11:10,312.062,349.68,29.017,59.5,100
EV026,CH007-CH008,,,9/26/2017 12:06,9/26/2017 12:12,275.762,339.8,25.194,64,100
EV026,CH007-CH008,,,9/26/2017 13:10,9/26/2017 13:16,212.546,371.98,27.717,61,100
EV026,CH007-CH008,,,9/26/2017 14:10,9/26/2017 14:18,202.618,274.46,24.609,65,100
EV026,CH007-CH008,,,9/26/2017 15:13,9/26/2017 15:20,275.801,330.68,24.702,65,100
EV026,CH007-CH008,,,9/26/2017 16:29,9/26/2017 16:38,302.554,372.9,27.198,61.5,100
EV026,CH007-CH008,,,9/26/2017 17:26,9/26/2017 17:31,275.491,365.8,25.309,62.5,97.5
EV026,CH007-CH008,,,9/26/2017 18:18,9/26/2017 18:26,196.701,265.16,24.664,64,98.5
EV026,CH007-CH008,,,9/26/2017 19:19,9/26/2017 19:24,237.788,332.9,21.508,67.5,98.5
EV026,CH007-CH008,,,9/27/2017 7:57,9/27/2017 8:00,210.594,269.88,23.065,66.5,100
EV026,CH007-CH008,,,9/27/2017 9:11,9/27/2017 9:17,249.685,298.9,21.085,72,100
EV026,CH007-CH008,,,9/27/2017 10:08,9/27/2017 10:12,165.874,192.2,19.931,73.5,100
EV026,CH007-CH008,,,9/27/2017 11:07,9/27/2017 11:12,200.262,232.26,31.062,56,96.5
EV026,CH007-CH008,,,9/27/2017 12:15,9/27/2017 12:23,316.127,350.68,27.352,61.5,100
EV026,CH007-CH008,,,9/27/2017 13:10,9/27/2017 13:16,286.126,374.96,26.573,62.5,100
EV026,CH007-CH008,,,9/27/2017 14:20,9/27/2017 14:29,190.045,341.68,24.348,63,99
EV026,CH007-CH008,,,9/27/2017 15:26,9/27/2017 15:32,212.201,349,24.221,65,100
EV026,CH007-CH008,,,9/27/2017 16:25,9/27/2017 16:33,296.073,372.9,25.965,60,99
EV026,CH007-CH008,,,9/27/2017 17:20,9/27/2017 17:29,316.279,352.4,21.011,71.5,98.5
EV026,CH007-CH008,,,9/27/2017 18:20,9/27/2017 18:25,271.25,344.06,24.54,65,99
EV026,CH007-CH008,,,9/27/2017 19:20,9/27/2017 19:27,272.263,339.72,22.83,67,100
EV026,CH007-CH008,,,9/28/2017 8:08,9/28/2017 8:12,305.421,362.52,21.17,72,100
EV026,CH007-CH008,,,9/28/2017 9:22,9/28/2017 9:30,270.938,357.18,20.652,72.5,100
EV026,CH007-CH008,,,9/28/2017 10:14,9/28/2017 10:19,301.154,355.46,14.984,79.5,100
EV026,CH007-CH008,,,9/28/2017 11:13,9/28/2017 11:20,263.774,344.1,28.675,60.5,100
EV026,CH007-CH008,,,9/28/2017 12:07,9/28/2017 12:14,307.465,344.34,36.725,43.5,92
EV026,CH007-CH008,,,9/28/2017 13:03,9/28/2017 13:09,218.787,341.86,24.624,64.5,100
EV026,CH007-CH008,,,9/28/2017 13:56,9/28/2017 14:02,251.646,364.96,25.584,63.5,100
EV026,CH007-CH008,,,9/28/2017 15:01,9/28/2017 15:07,323.134,349.5,26.751,59,95
EV026,CH007-CH008,,,9/28/2017 16:00,9/28/2017 16:08,324.33,354.36,25.136,64,100
EV026,CH007-CH008,,,9/28/2017 17:04,9/28/2017 17:09,318.768,351.96,25.06,61,95.5
EV026,CH007-CH008,,,9/28/2017 18:01,9/28/2017 18:08,317.548,363.94,23.571,65,98
EV026,CH007-CH008,,,9/28/2017 19:02,9/28/2017 19:06,28.668,163.02,25.302,62.5,98
EV026,CH007-CH008,,,12/28/2017 0:00,12/28/2017 0:16,266.437,343.28,21.671,71.5,100
EV026,CH007-CH008,,,12/28/2017 6:07,12/28/2017 6:13,318.624,354.04,23.905,65.5,99
EV026,CH007-CH008,,,12/28/2017 6:54,12/28/2017 7:02,227.876,347.42,21.229,71.5,100
EV026,CH007-CH008,,,12/28/2017 8:02,12/28/2017 8:06,257.005,338.76,19.425,74,100
EV026,CH007-CH008,,,12/28/2017 8:52,12/28/2017 9:05,273.598,317.82,33.319,56,100
EV026,CH007-CH008,,,12/28/2017 9:51,12/28/2017 9:58,246.24,329.68,31.916,42,84.5
EV026,CH007-CH008,,,12/28/2017 10:47,12/28/2017 10:53,253.671,362.88,28.241,55,96
EV026,CH007-CH008,,,12/28/2017 11:50,12/28/2017 11:55,327.249,364.92,24.324,59.5,97.5
EV026,CH007-CH008,,,12/28/2017 12:47,12/28/2017 12:52,268.918,354.4,21.058,72,99
EV026,CH007-CH008,,,12/28/2017 13:57,12/28/2017 14:00,298.593,324.22,30.966,57.5,99.5
EV026,CH007-CH008,,,12/28/2017 14:48,12/28/2017 14:56,216.303,365.12,20.995,72,99.5
EV026,CH007-CH008,,,12/28/2017 16:00,12/28/2017 16:02,241.823,361.94,30.9,58,100
EV026,CH007-CH008,,,12/28/2017 16:53,12/28/2017 17:03,318.288,339.34,22.33,60,90.5
EV026,CH007-CH008,,,12/28/2017 18:11,12/28/2017 18:13,250.189,340.46,19.967,73.5,100
EV026,CH007-CH008,,,12/28/2017 19:02,12/28/2017 19:10,225.126,342.06,23.93,65.5,100
EV026,CH007-CH008,,,12/28/2017 20:30,12/28/2017 20:37,304.396,359.48,22.835,67,100
EV026,CH007-CH008,,,12/29/2017 7:05,12/29/2017 7:15,305.4,354.64,16.304,78,100
EV026,CH007-CH008,,,12/29/2017 7:51,12/29/2017 8:03,339.718,370.62,32.5,56.5,100
EV026,CH007-CH008,,,12/29/2017 8:55,12/29/2017 9:02,257.557,303.04,24.734,51,84
EV026,CH007-CH008,,,12/29/2017 9:44,12/29/2017 9:55,306.96,353.66,27.991,61,100
EV026,CH007-CH008,,,12/29/2017 10:51,12/29/2017 10:59,272.119,348.9,24.965,63.5,98.5
EV026,CH007-CH008,,,12/29/2017 11:44,12/29/2017 11:49,332.816,364.24,28.07,60,99
EV026,CH007-CH008,,,12/29/2017 12:55,12/29/2017 13:03,234.956,346.32,24.253,65,99
EV026,CH007-CH008,,,12/29/2017 13:52,12/29/2017 13:58,316.888,356.86,25.322,63.5,99
EV026,CH007-CH008,,,12/29/2017 14:55,12/29/2017 14:59,-7.465,22.88,33.56,55,100
EV026,CH007-CH008,,,12/29/2017 15:46,12/29/2017 15:54,314.72,352.52,19.261,57,83
EV026,CH007-CH008,,,12/29/2017 16:59,12/29/2017 17:04,293.397,348.56,21.174,72,100
EV026,CH007-CH008,,,12/29/2017 18:00,12/29/2017 18:06,329.817,359.26,25.042,64.5,100
EV026,CH007-CH008,,,12/29/2017 18:59,12/29/2017 19:04,271.879,358.1,18.964,74.5,100
EV026,CH007-CH008,,,1/2/2018 7:46,1/2/2018 8:05,326.874,356.7,29.874,59.5,100
EV026,CH007-CH008,,,1/2/2018 8:54,1/2/2018 8:55,307.923,353.08,21.542,58.5,87.5
EV026,CH007-CH008,,,1/2/2018 10:00,1/2/2018 10:00,324.203,368.94,39.77,40,92.5
EV026,CH007-CH008,,,1/2/2018 10:48,1/2/2018 10:53,312.027,343.36,28.891,56.5,94.5
EV026,CH007-CH008,,,1/2/2018 11:52,1/2/2018 11:58,330.394,354.6,24.49,59,96
EV026,CH007-CH008,,,1/2/2018 12:47,1/2/2018 12:52,295.684,346.1,18.895,75,99.5
EV026,CH007-CH008,,,1/2/2018 13:53,1/2/2018 13:57,231.396,288.6,17.62,75,98.5
EV026,CH007-CH008,,,1/2/2018 16:54,1/2/2018 17:02,230.4,357.44,18.719,71,97.5
EV026,CH007-CH008,,,1/2/2018 18:11,1/2/2018 18:12,292.262,359.94,28.301,60,100
EV026,CH007-CH008,,,1/2/2018 19:03,1/2/2018 19:10,294.437,351.46,26.116,62.5,100
EV026,CH007-CH008,,,1/2/2018 20:29,1/2/2018 20:38,252.359,344.6,24.206,65,100
EV026,CH007-CH008,,,1/3/2018 6:57,1/3/2018 7:00,325.25,358.5,26.534,62.5,100
EV026,CH007-CH008,,,1/3/2018 7:55,1/3/2018 8:00,310.548,345.42,24.604,64,98.5
EV026,CH007-CH008,,,1/3/2018 8:55,1/3/2018 9:01,315.089,350.74,22.565,67,99
EV026,CH007-CH008,,,1/3/2018 9:50,1/3/2018 9:51,153.691,260.1,24.124,65.5,100
EV026,CH007-CH008,,,1/3/2018 10:54,1/3/2018 11:01,286.102,352.86,20.803,72.5,100
EV026,CH007-CH008,,,1/3/2018 11:51,1/3/2018 11:56,231.434,351.88,19.89,73.5,100
EV026,CH007-CH008,,,1/3/2018 12:56,1/3/2018 13:00,310.82,348.72,19.888,73.5,100
EV026,CH007-CH008,,,1/3/2018 13:45,1/3/2018 13:51,249.053,372.9,17.945,76,100
EV026,CH007-CH008,,,1/3/2018 14:55,1/3/2018 15:00,309.339,353.54,35.88,51.5,100
EV026,CH007-CH008,,,1/3/2018 15:54,1/3/2018 16:00,293.044,347.02,17.771,76,100
EV026,CH007-CH008,,,1/3/2018 17:06,1/3/2018 17:09,315.467,337.32,21.79,57.5,87.5
EV026,CH007-CH008,,,1/3/2018 17:58,1/3/2018 18:05,243.032,363.34,22.388,67.5,100
EV026,CH007-CH008,,,1/3/2018 19:00,1/3/2018 19:05,236.181,364.46,23.785,65.5,100
EV026,CH007-CH008,,,1/4/2018 7:45,1/4/2018 7:46,304.993,354.54,28.289,57,95
EV026,CH007-CH008,,,1/4/2018 8:00,1/4/2018 8:08,321.72,360.64,22.725,60,96
EV026,CH007-CH008,,,1/4/2018 8:58,1/4/2018 9:09,254.077,364.48,22.709,67,100
EV026,CH007-CH008,,,1/4/2018 10:48,1/4/2018 10:57,307.481,347.46,19.936,73.5,100
EV026,CH007-CH008,,,1/4/2018 11:53,1/4/2018 11:55,302.879,369.26,26.239,63,100
EV026,CH007-CH008,,,1/4/2018 12:57,1/4/2018 13:03,304.979,351.18,21.654,71,100
EV026,CH007-CH008,,,1/4/2018 15:07,1/4/2018 15:15,312.435,371.12,22.783,67,100
EV026,CH007-CH008,,,1/4/2018 16:58,1/4/2018 17:09,326.795,358.7,20.541,72.5,100
EV026,CH007-CH008,,,1/4/2018 18:07,1/4/2018 18:11,304.665,369.94,24.832,63.5,97.5
EV026,CH007-CH008,,,1/5/2018 6:57,1/5/2018 7:06,306.448,354,35.089,52,98.5
EV026,CH007-CH008,,,1/5/2018 7:55,1/5/2018 8:05,268.154,369.46,25.171,64,100
EV026,CH007-CH008,,,1/5/2018 8:53,1/5/2018 8:55,323.092,356.86,33.724,55,100
EV026,CH007-CH008,,,1/5/2018 9:51,1/5/2018 10:00,290.995,347.7,24.648,64.5,100
EV026,CH007-CH008,,,1/5/2018 11:00,1/5/2018 11:03,306.085,335.76,20.71,72.5,100
EV026,CH007-CH008,,,1/5/2018 11:44,1/5/2018 11:50,324.999,366.4,29.055,59.5,100
EV026,CH007-CH008,,,1/5/2018 12:55,1/5/2018 12:58,304.754,349.06,20.69,72.5,100
EV026,CH007-CH008,,,1/5/2018 13:55,1/5/2018 13:56,315.32,348.84,32.067,57,100
EV026,CH007-CH008,,,1/5/2018 14:59,1/5/2018 15:03,138.781,344.12,14.717,67.5,92
EV026,CH007-CH008,,,1/5/2018 15:55,1/5/2018 16:01,255.087,345.02,24.048,65.5,100
EV026,CH007-CH008,,,1/5/2018 17:00,1/5/2018 17:03,290.565,355.7,19.305,74,100
EV026,CH007-CH008,,,1/5/2018 17:55,1/5/2018 18:00,266.002,360.9,27.442,62,100
EV026,CH007-CH008,,,1/5/2018 19:01,1/5/2018 19:05,289.902,345.2,25.668,56,89
EV026,CH007-CH008,,,1/8/2018 6:57,1/8/2018 7:06,266.083,339.18,24.896,53.5,86.5
EV026,CH007-CH008,,,1/8/2018 7:55,1/8/2018 8:00,294.026,345.8,29.394,59.5,99
EV026,CH007-CH008,,,1/8/2018 8:53,1/8/2018 9:00,292.006,343.54,34.502,53.5,99.5
EV026,CH007-CH008,,,1/8/2018 9:46,1/8/2018 9:56,276.444,344.02,11.476,65,82.5
EV026,CH007-CH008,,,1/8/2018 10:52,1/8/2018 10:55,331.212,358.94,27.752,61,100
EV026,CH007-CH008,,,1/8/2018 11:50,1/8/2018 11:51,258.033,366.82,21.527,71,100
EV026,CH007-CH008,,,1/8/2018 12:52,1/8/2018 13:00,317.694,362.6,19.313,74,99.5
EV026,CH007-CH008,,,1/8/2018 14:55,1/8/2018 15:00,228.256,367.36,27.548,61.5,100
EV026,CH007-CH008,,,1/8/2018 15:47,1/8/2018 15:55,243.159,339.32,36.524,51,99.5
EV026,CH007-CH008,,,1/8/2018 16:52,1/8/2018 17:00,248.81,362.64,25.857,63,100
EV026,CH007-CH008,,,1/8/2018 17:53,1/8/2018 18:00,246.751,298.5,24.834,64.5,100
EV026,CH007-CH008,,,1/8/2018 19:02,1/8/2018 19:08,230.935,307.86,24.111,65.5,100
EV026,CH007-CH008,,,1/10/2018 7:05,1/10/2018 7:10,297.656,353.62,22.049,68,100
EV026,CH007-CH008,,,1/10/2018 8:00,1/10/2018 8:10,215.931,336.76,27.326,62,100
EV026,CH007-CH008,,,1/10/2018 8:56,1/10/2018 9:09,279.963,328.1,21.773,71,100
EV026,CH007-CH008,,,1/11/2018 7:52,1/11/2018 8:05,263.015,297.18,24.613,65,100
EV026,CH007-CH008,,,1/11/2018 8:56,1/11/2018 9:00,264.692,336.12,20.989,72,99.5
EV026,CH007-CH008,,,1/11/2018 9:50,1/11/2018 10:01,289.071,353.32,21.418,71.5,100
EV026,CH007-CH008,,,1/11/2018 10:56,1/11/2018 11:05,306.472,367.8,20.239,73,100
EV026,CH007-CH008,,,1/11/2018 11:45,1/11/2018 11:50,195.542,270.62,19.885,73.5,100
EV026,CH007-CH008,,,1/11/2018 14:00,1/11/2018 14:00,272.489,351.42,24.596,65.5,100
EV026,CH007-CH008,,,1/11/2018 15:55,1/11/2018 16:00,45.094,204.1,24.049,65,100
EV026,CH007-CH008,,,1/11/2018 16:57,1/11/2018 17:05,34.085,41.38,17.158,75,100
EV026,CH007-CH008,,,1/11/2018 18:59,1/11/2018 19:04,289.012,341.26,5.916,88.5,100
EV026,CH007-CH008,,,1/12/2018 9:14,1/12/2018 9:24,268.129,370.2,27.41,61.5,100
EV026,CH007-CH008,,,1/12/2018 10:23,1/12/2018 10:35,297.303,341.22,17.631,72.5,98.5
EV026,CH007-CH008,,,1/12/2018 11:24,1/12/2018 11:29,314.417,344.44,20.551,72.5,100
EV026,CH007-CH008,,,1/12/2018 12:22,1/12/2018 12:25,259.989,367.34,17.08,77,100
EV026,CH007-CH008,,,1/12/2018 13:20,1/12/2018 13:27,303.448,349.42,24.074,65.5,100
EV026,CH007-CH008,,,1/12/2018 15:15,1/12/2018 15:20,222.062,343.28,32.092,56.5,100
EV026,CH007-CH008,,,1/12/2018 16:00,1/12/2018 16:02,253.699,345.8,19.237,67,97
EV026,CH007-CH008,,,1/12/2018 16:55,1/12/2018 17:07,307.052,357.52,20.705,72.5,100
EV026,CH007-CH008,,,1/12/2018 19:01,1/12/2018 19:05,322.626,354.2,22.042,67.5,100
EV026,CH007-CH008,,,1/12/2018 20:35,1/12/2018 20:39,200.444,338.28,21.669,71.5,100
EV026,CH007-CH008,,,1/16/2018 7:45,1/16/2018 8:06,287.16,326.82,21.659,71.5,100
EV026,CH007-CH008,,,1/16/2018 8:55,1/16/2018 9:04,284.15,348.08,19.637,74,100
EV026,CH007-CH008,,,1/16/2018 10:00,1/16/2018 10:00,258.451,354.48,34.021,55,100
EV026,CH007-CH008,,,1/16/2018 10:47,1/16/2018 10:58,261.102,355.18,29.376,55.5,96.5
EV026,CH007-CH008,,,1/16/2018 11:55,1/16/2018 11:59,234.552,360.78,21.396,71.5,100
EV026,CH007-CH008,,,1/16/2018 12:49,1/16/2018 12:59,267.903,369.32,25.758,63.5,100
EV026,CH007-CH008,,,1/16/2018 13:57,1/16/2018 14:00,221.175,298.94,24,65.5,100
EV026,CH007-CH008,,,1/16/2018 14:47,1/16/2018 14:56,247.386,275.34,30.94,57.5,100
EV026,CH007-CH008,,,1/16/2018 15:55,1/16/2018 16:00,319.794,350.6,23.186,66.5,100
EV026,CH007-CH008,,,1/16/2018 16:55,1/16/2018 17:01,292.098,363,23.17,66.5,100
EV026,CH007-CH008,,,1/16/2018 18:07,1/16/2018 18:10,292.9,360.34,32.821,55.5,98.5
EV026,CH007-CH008,,,1/16/2018 19:10,1/16/2018 19:14,244.691,285.4,13.947,65,85.5
EV026,CH007-CH008,,,1/16/2018 20:29,1/16/2018 20:37,251.118,338,23.143,67,100
EV026,CH007-CH008,,,1/17/2018 7:51,1/17/2018 8:03,228.437,270.48,23.925,65,99
EV026,CH007-CH008,,,1/17/2018 8:59,1/17/2018 9:06,159.917,245.02,22.17,67.5,100
EV026,CH007-CH008,,,1/17/2018 9:54,1/17/2018 10:01,220.21,287,20.508,72.5,100
EV026,CH007-CH008,,,1/17/2018 10:48,1/17/2018 10:55,180.052,252,21.927,68,100
EV026,CH007-CH008,,,1/17/2018 11:55,1/17/2018 11:59,9.504,41.92,11.48,80.5,99
EV026,CH007-CH008,,,1/17/2018 12:50,1/17/2018 12:57,285.227,336.86,30.704,57.5,100
EV026,CH007-CH008,,,1/17/2018 13:55,1/17/2018 13:59,317.5,366.04,20.421,73,100
EV026,CH007-CH008,,,1/17/2018 14:47,1/17/2018 14:56,246.189,270.12,31.768,56.5,100
EV026,CH007-CH008,,,1/17/2018 16:51,1/17/2018 17:00,213.863,263.1,23.316,66.5,100
EV026,CH007-CH008,,,1/17/2018 18:10,1/17/2018 18:10,221.888,340.5,28.698,60,100
EV026,CH007-CH008,,,1/17/2018 20:32,1/17/2018 20:40,311.764,362.18,25.07,64.5,100
EV026,CH007-CH008,,,1/18/2018 6:58,1/18/2018 7:05,304.913,367.98,21.636,71,100
EV026,CH007-CH008,,,1/18/2018 7:54,1/18/2018 8:04,209.781,302.16,24.98,64.5,100
EV026,CH007-CH008,,,1/18/2018 8:54,1/18/2018 9:00,248.487,320.1,20.786,72.5,100
EV026,CH007-CH008,,,1/18/2018 9:50,1/18/2018 9:58,301.474,359.98,21.682,71.5,100
EV026,CH007-CH008,,,1/18/2018 11:42,1/18/2018 11:45,224.765,344.84,19.947,73.5,100
EV026,CH007-CH008,,,1/18/2018 13:00,1/18/2018 13:00,232.206,280.18,20.48,72.5,100
EV026,CH007-CH008,,,1/18/2018 13:48,1/18/2018 13:56,295.805,351.96,24.501,65,99
EV026,CH007-CH008,,,1/18/2018 14:56,1/18/2018 15:00,283.696,341.12,23.581,66,100
EV026,CH007-CH008,,,1/18/2018 16:56,1/18/2018 17:00,164.521,252.58,27.878,61,100
EV026,CH007-CH008,,,1/18/2018 17:55,1/18/2018 18:00,248.436,310.68,25.773,63.5,100
EV026,CH007-CH008,,,1/18/2018 19:02,1/18/2018 19:05,255.51,354.26,19.443,74,100
EV026,CH007-CH008,,,1/19/2018 7:42,1/19/2018 7:45,268.745,358.66,31.139,58,100
EV026,CH007-CH008,,,1/19/2018 9:00,1/19/2018 9:05,251.032,340.8,21.667,71,100
EV026,CH007-CH008,,,1/19/2018 9:56,1/19/2018 10:00,227.1,343.38,25.513,64,100
EV026,CH007-CH008,,,1/19/2018 10:49,1/19/2018 10:50,204.532,261.14,20.273,73,100
EV026,CH007-CH008,,,1/19/2018 11:55,1/19/2018 12:00,334.122,368.72,27.784,61.5,100
EV026,CH007-CH008,,,1/19/2018 12:54,1/19/2018 13:02,247.817,268.26,20.529,67,96
EV026,CH007-CH008,,,1/19/2018 14:49,1/19/2018 14:55,241.467,282.66,20.884,72.5,100
EV026,CH007-CH008,,,1/19/2018 16:01,1/19/2018 16:02,211.45,336.8,21.404,72,100
EV026,CH007-CH008,,,1/19/2018 16:53,1/19/2018 17:05,236.353,301.6,36.03,52.5,100
EV026,CH007-CH008,,,1/19/2018 19:10,1/19/2018 19:15,181.351,351.18,35.024,54.5,99
EV026,CH007-CH008,,,1/19/2018 20:30,1/19/2018 20:40,253.745,355.28,5.559,75.5,82.5
EV026,CH007-CH008,,,1/22/2018 5:13,1/22/2018 5:30,269.13,306.48,18.154,75.5,100
EV026,CH007-CH008,,,1/22/2018 5:40,1/22/2018 6:35,175.821,187.64,0.558,97,97.5
EV026,CH007-CH008,,,1/22/2018 9:34,1/22/2018 9:54,74.311,205.54,1.963,,100
EV026,CH007-CH008,,,1/22/2018 12:35,1/22/2018 12:44,42.006,54.42,0.68,,100
EV026,CH007-CH008,,,1/22/2018 13:38,1/22/2018 13:45,244.514,379.94,15.577,78.5,98
EV026,CH007-CH008,,,1/22/2018 15:15,1/22/2018 15:15,327.202,369.46,20.352,72.5,98
EV026,CH007-CH008,,,1/22/2018 16:30,1/22/2018 16:35,119.136,318.46,9.15,65,79.5
EV026,CH007-CH008,,,1/22/2018 17:36,1/22/2018 17:40,147.476,361.62,8.525,88,100
EV026,CH007-CH008,,,1/22/2018 18:44,1/22/2018 18:45,239.817,314.98,25.177,64,99.5
EV026,CH007-CH008,,,1/22/2018 18:55,1/22/2018 18:57,201.32,383.14,11.166,,100
EV026,CH007-CH008,,,1/23/2018 7:52,1/23/2018 8:00,99.492,190.78,3.578,94.5,100
EV026,CH007-CH008,,,1/23/2018 9:00,1/23/2018 9:09,245.595,306.4,2.086,66,71.5
EV026,CH007-CH008,,,1/23/2018 10:00,1/23/2018 10:06,200.385,315.12,5.75,74,81.5
EV026,CH007-CH008,,,1/23/2018 10:50,1/23/2018 10:55,150.996,236.6,13.9,55.5,74.5
EV026,CH007-CH008,,,1/23/2018 11:56,1/23/2018 12:00,195.599,314.22,13.034,59.5,78
EV026,CH007-CH008,,,1/23/2018 12:55,1/23/2018 13:01,144.943,220.4,7.731,,97.5
EV026,CH007-CH008,,,1/23/2018 14:50,1/23/2018 15:00,120.786,255.42,15.881,62.5,85.5
EV026,CH007-CH008,,,1/23/2018 16:00,1/23/2018 16:02,43.219,43.36,3.572,89,94
EV026,CH007-CH008,,,1/23/2018 16:58,1/23/2018 17:06,34.499,41.34,2.233,60,63
EV026,CH007-CH008,,,1/23/2018 19:00,1/23/2018 19:12,109.655,185.02,1.951,,99
EV026,CH007-CH008,,,1/23/2018 20:40,1/23/2018 20:43,212.53,238.46,12.464,81,96.5
EV026,CH007-CH008,,,1/25/2018 2:45,1/25/2018 4:31,320.061,343.96,20.917,,94.5
EV026,CH007-CH008,,,1/25/2018 12:33,1/25/2018 12:50,29.929,44.8,0.342,,100
EV026,CH007-CH008,,,1/26/2018 7:53,1/26/2018 7:55,233.823,297.14,20.263,,98.5
EV026,CH007-CH008,,,1/26/2018 8:51,1/26/2018 9:00,268.7,334.12,33.023,55.5,100
EV026,CH007-CH008,,,1/26/2018 9:56,1/26/2018 10:02,300.25,365,10.459,65.5,81.5
EV026,CH007-CH008,,,1/26/2018 10:48,1/26/2018 10:55,336.833,375.9,27.634,61,99
EV026,CH007-CH008,,,1/26/2018 12:00,1/26/2018 12:03,323.539,373.92,24.263,65.5,100
EV026,CH007-CH008,,,1/26/2018 12:54,1/26/2018 13:03,311.4,346.38,25.395,62,96.5
EV026,CH007-CH008,,,1/26/2018 13:58,1/26/2018 14:00,332.745,364.14,21.175,72,100
EV026,CH007-CH008,,,1/26/2018 14:55,1/26/2018 15:00,250.2,332.86,20.263,73,100
EV026,CH007-CH008,,,1/26/2018 16:00,1/26/2018 16:00,316.359,362.2,21.836,68,100
EV026,CH007-CH008,,,1/26/2018 16:57,1/26/2018 17:10,347.97,374.42,19.821,74,100
EV026,CH007-CH008,,,1/26/2018 19:05,1/26/2018 19:10,238.229,338.42,16.767,77.5,100
EV026,CH007-CH008,,,1/26/2018 21:20,1/26/2018 21:25,310.908,369,27.183,62,100
EV026,CH007-CH008,,,1/29/2018 6:57,1/29/2018 7:07,301.367,351.06,21.82,68.5,100
EV026,CH007-CH008,,,1/29/2018 7:55,1/29/2018 8:05,294.858,360.42,32.249,57,100
EV026,CH007-CH008,,,1/29/2018 8:56,1/29/2018 9:04,-2.968,-2.84,0.008,100,100
EV026,CH007-CH008,,,1/29/2018 9:55,1/29/2018 9:57,177.549,352.22,16.557,77.5,100
EV026,CH007-CH008,,,1/29/2018 10:55,1/29/2018 11:01,277.69,339.32,12.885,82.5,100
EV026,CH007-CH008,,,1/29/2018 11:55,1/29/2018 12:01,281.576,316.82,21.937,68,100
EV026,CH007-CH008,,,1/29/2018 12:51,1/29/2018 12:56,29.736,167.02,19.85,73.5,100
EV026,CH007-CH008,,,1/29/2018 13:51,1/29/2018 13:55,285.892,339.84,22.145,68,100
EV026,CH007-CH008,,,1/29/2018 15:13,1/29/2018 15:15,267.792,331.14,27.157,59.5,96.5
EV026,CH007-CH008,,,1/29/2018 16:08,1/29/2018 16:15,317.12,353.64,21.838,71,100
EV026,CH007-CH008,,,1/29/2018 17:03,1/29/2018 17:13,189.686,295.64,21.427,72,100
EV026,CH007-CH008,,,1/29/2018 18:08,1/29/2018 18:19,249.919,310.5,22.079,68,100
EV026,CH007-CH008,,,1/29/2018 19:05,1/29/2018 19:08,233.364,347.76,21.541,71.5,100
EV026,CH007-CH008,,,1/30/2018 6:58,1/30/2018 7:00,232.546,303.2,21.37,71.5,99.5
EV026,CH007-CH008,,,1/30/2018 7:53,1/30/2018 8:05,258.735,331.84,21.188,72,100
EV026,CH007-CH008,,,1/30/2018 8:56,1/30/2018 9:05,210.771,319.84,24.898,62.5,97
EV026,CH007-CH008,,,1/30/2018 9:47,1/30/2018 9:55,240.938,334.72,26.661,57.5,93.5
EV026,CH007-CH008,,,1/30/2018 10:54,1/30/2018 11:01,227.551,323.68,44.556,34,93
EV026,CH007-CH008,,,1/30/2018 12:30,1/30/2018 12:40,105.962,314.64,8.707,79.5,90
EV026,CH007-CH008,,,1/31/2018 15:07,1/31/2018 15:20,20.408,43,30.503,54.5,100
EV026,CH007-CH008,,,1/31/2018 16:28,1/31/2018 16:30,2.319,37.82,0.006,99,99
EV026,CH007-CH008,,,2/1/2018 6:08,2/1/2018 6:12,275.738,340.8,27.517,61.5,100
EV026,CH007-CH008,,,2/1/2018 6:56,2/1/2018 7:06,204.253,264.28,25.527,64,100
EV026,CH007-CH008,,,2/1/2018 7:57,2/1/2018 8:06,238.377,267.88,25.308,64,100
EV026,CH007-CH008,,,2/1/2018 8:53,2/1/2018 8:59,243.51,276.48,8.2,81,91.5
EV026,CH007-CH008,,,2/1/2018 9:58,2/1/2018 10:00,168.276,279.04,32.337,56.5,100
EV026,CH007-CH008,,,2/1/2018 10:50,2/1/2018 10:57,283.4,338.76,9.148,73.5,85
EV026,CH007-CH008,,,2/1/2018 12:50,2/1/2018 12:58,181.841,275.42,34.365,53.5,100
EV026,CH007-CH008,,,2/1/2018 14:52,2/1/2018 15:05,172.681,276.3,17.981,76,100
EV026,CH007-CH008,,,2/1/2018 16:08,2/1/2018 16:13,187.24,306.52,13.447,81.5,100
EV026,CH007-CH008,,,2/1/2018 17:12,2/1/2018 17:19,144.432,287.12,25.51,64,100
EV026,CH007-CH008,,,2/1/2018 19:03,2/1/2018 19:10,238.396,286.8,10.328,78,91.5
EV026,CH007-CH008,,,2/1/2018 20:29,2/1/2018 20:38,139.351,286.56,28.288,59.5,99
EV026,CH007-CH008,,,2/2/2018 7:01,2/2/2018 7:12,136.721,275.2,15.896,77.5,99
EV026,CH007-CH008,,,2/2/2018 7:57,2/2/2018 8:06,191.925,233,27.64,61,99.5
EV026,CH007-CH008,,,2/2/2018 8:48,2/2/2018 8:55,38.622,40.6,13.372,55.5,75
EV026,CH007-CH008,,,2/2/2018 9:49,2/2/2018 9:58,130.638,291.06,21.427,72,100
EV026,CH007-CH008,,,2/2/2018 10:58,2/2/2018 11:03,274.591,320.78,38.31,48,100
EV026,CH007-CH008,,,2/2/2018 11:52,2/2/2018 11:59,264.15,354.92,25.554,64,100
EV026,CH007-CH008,,,2/2/2018 12:58,2/2/2018 13:05,216.137,252.14,24.693,64,99
EV026,CH007-CH008,,,2/2/2018 13:52,2/2/2018 13:58,233.552,257.74,21.65,60.5,90
EV026,CH007-CH008,,,2/2/2018 14:59,2/2/2018 15:03,188.242,211.28,19.706,73,99.5
EV026,CH007-CH008,,,2/2/2018 16:02,2/2/2018 16:08,185.178,273.82,30.982,56.5,98
EV026,CH007-CH008,,,2/2/2018 16:55,2/2/2018 17:07,268.287,295.94,40.491,45.5,100
EV026,CH007-CH008,,,2/2/2018 18:09,2/2/2018 18:17,130.803,246.4,39.539,20.5,75.5
EV026,CH007-CH008,,,2/2/2018 19:04,2/2/2018 19:09,-12.333,-11.48,25.193,36,71.5
EV026,CH007-CH008,,,2/5/2018 7:01,2/5/2018 7:09,180.69,220.18,30.947,57.5,100
EV026,CH007-CH008,,,2/5/2018 7:52,2/5/2018 8:06,159.1,182.14,37.153,48.5,100
EV026,CH007-CH008,,,2/5/2018 8:59,2/5/2018 9:09,169.077,229.22,30.932,57.5,100
EV026,CH007-CH008,,,2/5/2018 9:48,2/5/2018 9:57,211.554,259.54,21.269,65.5,96
EV026,CH007-CH008,,,2/5/2018 10:53,2/5/2018 10:59,246.67,357.5,51.414,30.5,100
EV026,CH007-CH008,,,2/5/2018 11:49,2/5/2018 11:57,185.385,266.3,37.886,48.5,100
EV026,CH007-CH008,,,2/5/2018 12:53,2/5/2018 12:59,159.334,283.78,20.232,73,100
EV026,CH007-CH008,,,2/5/2018 13:50,2/5/2018 14:00,78.474,183.96,21.888,68,99.5
EV026,CH007-CH008,,,2/5/2018 15:03,2/5/2018 15:10,165.847,274.84,34.943,52.5,100
EV026,CH007-CH008,,,2/5/2018 16:04,2/5/2018 16:09,277.918,348.72,14.923,58,79.5
EV026,CH007-CH008,,,2/5/2018 17:03,2/5/2018 17:08,104.951,295.64,17.027,78,99.5
EV026,CH007-CH008,,,2/5/2018 18:02,2/5/2018 18:08,155.549,261.6,28.968,59.5,100
EV026,CH007-CH008,,,2/5/2018 19:02,2/5/2018 19:06,309.465,362.08,32.354,56.5,100
EV026,CH007-CH008,,,2/7/2018 7:52,2/7/2018 8:05,242.766,337.46,32.167,56.5,99
EV026,CH007-CH008,,,2/7/2018 8:55,2/7/2018 9:00,199.454,282.5,8.057,72.5,83
EV026,CH007-CH008,,,2/7/2018 9:55,2/7/2018 9:59,254.776,289.34,41.296,44.5,100
EV026,CH007-CH008,,,2/7/2018 10:49,2/7/2018 10:55,178.078,275.7,37.344,50,100
EV026,CH007-CH008,,,2/7/2018 12:06,2/7/2018 12:08,301.512,361.32,17.577,52,76
EV026,CH007-CH008,,,2/7/2018 12:57,2/7/2018 13:02,162.259,267.38,16.367,56,78
EV026,CH007-CH008,,,2/7/2018 13:57,2/7/2018 14:01,243.012,319.56,7.644,71.5,81.5
EV026,CH007-CH008,,,2/7/2018 14:51,2/7/2018 15:04,179.63,289.98,17.879,76,100
EV026,CH007-CH008,,,2/7/2018 16:59,2/7/2018 17:09,215.464,243.4,16.751,77.5,100
EV026,CH007-CH008,,,2/7/2018 18:13,2/7/2018 18:15,185.039,301.02,17.085,77,100
EV026,CH007-CH008,,,2/7/2018 19:02,2/7/2018 19:11,270.359,365.88,31.249,57,100
EV026,CH007-CH008,,,2/7/2018 20:29,2/7/2018 20:38,312.241,370.16,15.612,78.5,100
EV026,CH007-CH008,,,2/15/2018 23:12,2/15/2018 23:25,195.577,306.08,20.285,73,99.5
EV026,CH007-CH008,,,2/26/2018 8:32,2/26/2018 8:45,324.349,371.8,18.339,75.5,100
EV026,CH007-CH008,,,2/26/2018 9:57,2/26/2018 10:00,191.484,292.24,16.806,77.5,99.5
EV026,CH007-CH008,,,2/26/2018 10:46,2/26/2018 10:58,306.698,372.98,26.592,62.5,99.5
EV026,CH007-CH008,,,2/26/2018 11:55,2/26/2018 12:03,197.366,285.92,30.581,58,99.5
EV026,CH007-CH008,,,2/26/2018 12:50,2/26/2018 12:58,2.29,70.42,23.259,66.5,100
EV026,CH007-CH008,,,2/26/2018 14:50,2/26/2018 15:03,188.29,290.64,27.86,58.5,96
EV026,CH007-CH008,,,2/26/2018 16:54,2/26/2018 17:07,272.727,342.88,22.021,68.5,100
EV026,CH007-CH008,,,2/26/2018 18:07,2/26/2018 18:13,247.913,329.04,31.444,57.5,100
EV026,CH007-CH008,,,2/26/2018 19:01,2/26/2018 19:13,224.886,299.18,44.991,38.5,99
EV026,CH007-CH008,,,2/26/2018 20:30,2/26/2018 20:43,141.212,314.9,36.237,31.5,80
EV026,CH007-CH008,,,2/26/2018 21:24,2/26/2018 21:36,212.3,313.42,26.23,29.5,64.5
EV026,CH007-CH008,,,3/2/2018 7:03,3/2/2018 7:11,211.922,328.02,16.35,78,100
EV026,CH007-CH008,,,3/2/2018 8:26,3/2/2018 8:43,204.988,304.4,24.315,65,100
EV026,CH007-CH008,,,3/2/2018 9:31,3/2/2018 9:43,123.255,279.38,33.997,55,99.5
EV026,CH007-CH008,,,3/2/2018 10:28,3/2/2018 10:40,213.965,274.52,21.205,53,81.5
EV026,CH007-CH008,,,3/2/2018 11:32,3/2/2018 11:38,282.76,361.98,17.749,57,81.5
EV026,CH007-CH008,,,3/2/2018 12:33,3/2/2018 12:39,91.362,286.96,19.755,72,97.5
EV026,CH007-CH008,,,3/2/2018 13:31,3/2/2018 13:38,311.828,373.04,27.77,61,100
EV026,CH007-CH008,,,3/2/2018 14:39,3/2/2018 14:46,257.49,347.58,27.295,60,97.5
EV026,CH007-CH008,,,3/2/2018 16:59,3/2/2018 17:09,334.766,369.4,21.975,68,100
EV026,CH007-CH008,,,3/2/2018 17:59,3/2/2018 18:07,199.726,296.32,27.83,61.5,100
EV026,CH007-CH008,,,3/2/2018 23:23,3/2/2018 23:44,231.011,259.94,21.62,71,100
EV026,CH007-CH008,,,3/3/2018 12:24,3/3/2018 12:34,164.882,275.04,26.99,58.5,94.5
EV026,CH007-CH008,,,3/6/2018 8:02,3/6/2018 8:08,292.7,377.62,48.512,34.5,99
EV026,CH007-CH008,,,3/6/2018 8:53,3/6/2018 9:07,256.938,371.26,30.246,58.5,100
EV026,CH007-CH008,,,3/6/2018 10:01,3/6/2018 10:04,349.179,379.74,33.425,55.5,100
EV026,CH007-CH008,,,3/6/2018 10:51,3/6/2018 11:02,184.589,276.14,22.049,68,100
EV026,CH007-CH008,,,3/6/2018 11:57,3/6/2018 12:01,257.321,359.72,20.976,68,98
EV026,CH007-CH008,,,3/6/2018 12:50,3/6/2018 12:56,200.34,266.52,39.317,47,100
EV026,CH007-CH008,,,3/6/2018 14:48,3/6/2018 14:59,245.184,298.78,34.113,54,100
EV026,CH007-CH008,,,3/6/2018 15:59,3/6/2018 16:01,210.074,301.5,24.405,65,100
EV026,CH007-CH008,,,3/6/2018 16:52,3/6/2018 17:04,247.377,350.82,10.899,78,92
EV026,CH007-CH008,,,3/6/2018 18:08,3/6/2018 18:10,210.978,314.5,20.336,73,100
EV026,CH007-CH008,,,3/6/2018 19:02,3/6/2018 19:10,238.659,302,27.373,61.5,100
EV026,CH007-CH008,,,3/6/2018 20:31,3/6/2018 20:39,207.356,307.74,34.051,53.5,100
EV026,CH007-CH008,,,3/12/2018 18:25,3/12/2018 18:34,255.457,347.8,18.152,57,82
EV026,CH007-CH008,,,3/12/2018 18:41,3/12/2018 18:41,238.761,294.44,9.392,75.5,87.5
EV026,CH007-CH008,,,3/13/2018 6:14,3/13/2018 8:02,102.735,272.32,22.108,60.5,100
EV026,CH007-CH008,,,3/15/2018 14:44,3/15/2018 14:50,43.262,305.4,25.263,65,99.5
EV026,CH007-CH008,,,3/21/2018 6:14,3/21/2018 6:26,154.68,333.16,1.699,65,100
EV026,CH007-CH008,,,3/21/2018 7:14,3/21/2018 7:22,183.277,299.4,24.453,65,100
EV026,CH007-CH008,,,3/21/2018 8:15,3/21/2018 8:22,248.867,298.9,28.804,59,97.5
EV026,CH007-CH008,,,3/21/2018 9:11,3/21/2018 9:16,161.108,277.78,17.369,55.5,98.5
EV026,CH007-CH008,,,3/21/2018 10:10,3/21/2018 10:16,197.127,283.34,5.065,28,35
EV026,CH007-CH008,,,3/21/2018 11:02,3/21/2018 11:07,355,363.74,11.178,84.5,99.5
EV026,CH007-CH008,,,3/21/2018 12:00,3/21/2018 12:06,153.26,260.68,13.942,60.5,100
EV026,CH007-CH008,,,3/21/2018 12:53,3/21/2018 13:00,268.97,345.24,12.787,48,100
EV026,CH007-CH008,,,3/21/2018 13:53,3/21/2018 13:58,176.514,250.36,19.289,39.5,64.5
EV026,CH007-CH008,,,3/21/2018 14:58,3/21/2018 15:05,167.77,267.46,7.747,54,64
EV026,CH007-CH008,,,3/21/2018 15:59,3/21/2018 16:04,174.168,279.42,10.991,58.5,75
EV026,CH007-CH008,,,3/21/2018 16:53,3/21/2018 16:58,297.231,335.32,20.868,72.5,100
EV026,CH007-CH008,,,3/21/2018 18:04,3/21/2018 18:10,160.191,172.24,16.775,74,95.5
EV026,CH007-CH008,,,3/21/2018 18:36,3/21/2018 18:40,176.374,243.7,20.489,72.5,100
EV026,CH007-CH008,,,3/26/2018 12:39,3/26/2018 12:45,92.131,157.84,3.885,94,100
EV026,CH007-CH008,,,3/26/2018 12:53,3/26/2018 12:53,293.515,344.06,32.425,55.5,98
EV026,CH007-CH008,,,3/30/2018 6:02,3/30/2018 6:11,158.819,263.52,12.962,54,90.5
EV026,CH007-CH008,,,3/30/2018 6:50,3/30/2018 6:56,286.583,361.96,39.122,45,97
EV026,CH007-CH008,,,3/30/2018 7:54,3/30/2018 8:01,328.252,380.28,22.985,62,93
EV026,CH007-CH008,,,3/30/2018 8:59,3/30/2018 9:03,151.942,155.92,13.073,79.5,96.5
EV026,CH007-CH008,,,3/30/2018 9:57,3/30/2018 10:01,154.424,259.68,31.423,57,100
EV026,CH007-CH008,,,3/30/2018 10:59,3/30/2018 11:04,9.345,265.32,0.027,85.5,85.5
EV026,CH007-CH008,,,3/30/2018 11:54,3/30/2018 11:59,144.099,149.14,12.411,75.5,90.5
EV026,CH007-CH008,,,3/30/2018 12:52,3/30/2018 12:58,150.272,287.04,4.962,77.5,84
EV026,CH007-CH008,,,3/30/2018 13:56,3/30/2018 14:01,144.867,269.32,22.817,67.5,100
EV026,CH007-CH008,,,3/30/2018 14:55,3/30/2018 15:01,270.05,326.92,14.809,75.5,95
EV026,CH007-CH008,,,3/30/2018 15:56,3/30/2018 16:02,49.472,174.04,3.636,76,99.5
EV026,CH007-CH008,,,3/30/2018 17:08,3/30/2018 17:10,225.004,285.54,19.493,73,99
EV026,CH007-CH008,,,3/30/2018 17:58,3/30/2018 18:06,160.96,272.72,24.534,58.5,91.5
EV026,CH007-CH008,,,4/2/2018 15:55,4/2/2018 16:00,196.118,332.08,7.623,84.5,94.5
EV026,CH007-CH008,,,4/5/2018 8:00,4/5/2018 8:00,34.926,43,3.681,86.5,99
EV026,CH007-CH008,,,4/6/2018 6:10,4/6/2018 6:14,11.567,42.56,13.675,59,86.5
EV026,CH007-CH008,,,4/6/2018 7:00,4/6/2018 7:04,293.504,378.48,11.137,85,100
EV026,CH007-CH008,,,4/11/2018 6:10,4/11/2018 6:11,154.073,255.94,18.769,45,87.5
EV026,CH007-CH008,,,4/12/2018 20:56,4/12/2018 21:00,165.604,269.46,21.226,72,100
EV026,CH007-CH008,,,4/12/2018 21:25,4/12/2018 21:30,171.286,368.16,7.452,89.5,100
EV026,CH007-CH008,,,4/19/2018 8:56,4/19/2018 9:00,164.14,215.52,28.793,,96.5
EV026,CH007-CH008,,,4/26/2018 12:00,4/26/2018 12:03,154.287,169.28,14.131,80.5,100
EV026,CH007-CH008,,,4/26/2018 13:56,4/26/2018 14:00,282.133,374.1,17.007,76,98
EV026,CH007-CH008,,,5/2/2018 6:56,5/2/2018 7:00,151.639,263.32,12.472,73,88.5
EV026,CH007-CH008,,,5/2/2018 8:58,5/2/2018 9:00,277.408,322.68,23.022,66,98
EV026,CH007-CH008,,,5/2/2018 12:54,5/2/2018 12:55,139.231,146.86,23.606,60.5,91.5
EV026,CH007-CH008,,,5/2/2018 18:05,5/2/2018 18:07,284.816,351.2,26.084,58.5,94
EV026,CH007-CH008,,,5/4/2018 11:55,5/4/2018 11:58,155.418,158.32,3.691,94,100
EV026,CH007-CH008,,,5/4/2018 16:58,5/4/2018 17:05,138.212,255.3,2.432,55.5,59
EV026,CH007-CH008,,,5/4/2018 18:05,5/4/2018 18:09,151.974,276.02,10.675,78,91.5
EV026,CH007-CH008,,,5/14/2018 6:03,5/14/2018 6:05,127.78,253.84,9.914,59,74
EV026,CH007-CH008,,,5/14/2018 7:00,5/14/2018 7:05,142.645,159.3,1.18,93.5,95
EV026,CH007-CH008,,,5/14/2018 15:00,5/14/2018 15:04,144.058,261.68,17.948,61,86
EV026,CH007-CH008,,,5/16/2018 16:00,5/16/2018 16:01,140.003,161.26,21.057,,95
EV026,CH007-CH008,,,5/23/2018 8:00,5/23/2018 8:01,39.835,43.26,6.584,84.5,100
EV026,CH007-CH008,,,5/23/2018 14:00,5/23/2018 14:00,-0.809,-0.76,0.357,86.5,85
EV026,CH007-CH008,,,5/23/2018 15:55,5/23/2018 16:00,36.939,41.86,11.574,60,78
EV026,CH007-CH008,,,6/4/2018 9:42,6/4/2018 9:44,252.43,327.84,19.818,44.5,100
EV026,CH007-CH008,,,6/4/2018 13:16,6/4/2018 13:29,140.899,142.5,12.557,64,81.5
EV026,CH007-CH008,,,6/11/2018 6:05,6/11/2018 6:15,160.651,262.3,32.448,56.5,100
EV026,CH007-CH008,,,6/11/2018 7:00,6/11/2018 7:06,248.052,331.68,5.482,74.5,81.5
EV026,CH007-CH008,,,6/11/2018 7:56,6/11/2018 8:02,214.465,281.02,19.497,74,100
EV026,CH007-CH008,,,6/11/2018 9:01,6/11/2018 9:06,150.901,263.06,18.866,75,100
EV026,CH007-CH008,,,6/11/2018 9:56,6/11/2018 10:04,249.268,300.44,15.549,79,100
EV026,CH007-CH008,,,6/11/2018 10:54,6/11/2018 11:00,128.451,265,1.873,76,78.5
EV026,CH007-CH008,,,6/11/2018 11:54,6/11/2018 12:00,266.877,342.02,15.128,79.5,100
EV026,CH007-CH008,,,6/11/2018 12:55,6/11/2018 13:00,148.326,151.36,12.446,74.5,90
EV026,CH007-CH008,,,6/11/2018 13:56,6/11/2018 14:05,198.003,247.54,8.152,60.5,74
EV026,CH007-CH008,,,6/11/2018 15:03,6/11/2018 15:09,241.725,335.48,15.592,67,89
EV026,CH007-CH008,,,6/11/2018 15:59,6/11/2018 16:06,129.971,266.16,11.852,76,91
EV026,CH007-CH008,,,6/11/2018 17:02,6/11/2018 17:10,298.746,355.96,18.741,64,90
EV026,CH007-CH008,,,6/11/2018 17:57,6/11/2018 18:03,309.903,375.98,21.204,65,95
EV026,CH007-CH008,,,6/14/2018 6:05,6/14/2018 6:11,165.227,267.38,21.567,71.5,100
EV026,CH007-CH008,,,6/14/2018 6:57,6/14/2018 7:03,97.239,136.1,0.734,98,99
EV026,CH007-CH008,,,6/14/2018 7:56,6/14/2018 8:01,172.945,284.42,7.525,66.5,79
EV026,CH007-CH008,,,6/14/2018 8:56,6/14/2018 9:02,159.735,172.24,21.377,71.5,99.5
EV026,CH007-CH008,,,6/14/2018 9:53,6/14/2018 9:59,298.599,335.02,31.959,50,92.5
EV026,CH007-CH008,,,6/14/2018 10:57,6/14/2018 11:03,123.343,257.26,22.959,52.5,83
EV026,CH007-CH008,,,6/14/2018 11:55,6/14/2018 12:01,232.968,336.78,7.072,43,90
EV026,CH007-CH008,,,6/14/2018 12:54,6/14/2018 12:59,287.79,323.12,36.366,50.5,100
EV026,CH007-CH008,,,6/14/2018 14:00,6/14/2018 14:08,124.086,366.32,0.373,78,78
EV026,CH007-CH008,,,6/14/2018 14:54,6/14/2018 15:01,163.731,275.04,23.739,55.5,86.5
EV026,CH007-CH008,,,6/14/2018 15:59,6/14/2018 16:09,162.929,273.02,24.621,65,100
EV026,CH007-CH008,,,6/14/2018 16:57,6/14/2018 17:02,269.233,288.34,16.427,78,100
EV026,CH007-CH008,,,6/14/2018 18:01,6/14/2018 18:10,163.349,177.7,19.123,75,100
EV026,CH007-CH008,,,6/18/2018 19:43,6/18/2018 20:58,345.274,365.74,18.108,76,100
EV026,CH007-CH008,,,6/19/2018 6:04,6/19/2018 6:11,154.873,266.7,17.001,76,98
EV026,CH007-CH008,,,6/19/2018 6:57,6/19/2018 7:03,330.313,369,25.861,63.5,100
EV026,CH007-CH008,,,6/19/2018 7:55,6/19/2018 8:01,115.923,255.98,4.664,65,90.5
EV026,CH007-CH008,,,6/19/2018 8:58,6/19/2018 9:04,305.704,366.4,31.677,57,100
EV026,CH007-CH008,,,6/19/2018 9:56,6/19/2018 10:02,136.079,245.2,6.993,55.5,100
EV026,CH007-CH008,,,6/19/2018 11:00,6/19/2018 11:03,182.256,191.36,10.25,86,100
EV026,CH007-CH008,,,6/19/2018 11:55,6/19/2018 12:02,209.662,273.14,13.867,78,96
EV026,CH007-CH008,,,6/19/2018 12:55,6/19/2018 13:01,184.284,296.04,19.148,74.5,100
EV026,CH007-CH008,,,6/19/2018 13:56,6/19/2018 14:02,239.753,364.82,17.27,77,100
EV026,CH007-CH008,,,6/19/2018 14:58,6/19/2018 15:08,155.118,300.62,24.555,65,100
EV026,CH007-CH008,,,6/19/2018 15:59,6/19/2018 16:05,317.402,372.68,15.64,73,93
EV026,CH007-CH008,,,6/19/2018 17:02,6/19/2018 17:08,132.432,263.32,12.212,62.5,99
EV026,CH007-CH008,,,6/19/2018 17:58,6/19/2018 18:04,340.737,343.24,17.751,76.5,100
EV026,CH007-CH008,,,6/21/2018 21:03,6/21/2018 21:10,183.982,279.42,31.763,56,98
EV026,CH007-CH008,,,6/26/2018 6:12,6/26/2018 6:20,270.721,382.24,2.484,84.5,87.5
EV026,CH007-CH008,,,6/26/2018 7:08,6/26/2018 7:13,162.632,254.76,24.457,61.5,95.5
EV026,CH007-CH008,,,6/26/2018 8:02,6/26/2018 8:07,80.916,357.82,26.928,,97.5
EV026,CH007-CH008,,,6/26/2018 8:59,6/26/2018 9:05,316.8,368.68,13.693,81.5,100
EV026,CH007-CH008,,,6/26/2018 10:07,6/26/2018 10:12,260.277,287.44,17.06,57,81
EV026,CH007-CH008,,,6/26/2018 11:03,6/26/2018 11:08,161.262,258.12,32.301,56.5,100
EV026,CH007-CH008,,,6/26/2018 12:02,6/26/2018 12:08,260.537,336.3,8.345,87.5,99
EV026,CH007-CH008,,,6/26/2018 13:02,6/26/2018 13:11,145.239,147.56,13.085,46,62.5
EV026,CH007-CH008,,,6/26/2018 14:05,6/26/2018 14:11,149.125,261.62,18.492,56.5,81.5
EV026,CH007-CH008,,,6/26/2018 15:04,6/26/2018 15:08,220.454,266.48,11.915,56,72.5
EV026,CH007-CH008,,,6/26/2018 16:00,6/26/2018 16:04,161.818,266.86,14.291,62.5,83.5
EV026,CH007-CH008,,,6/26/2018 17:01,6/26/2018 17:06,143.83,268.66,14.151,60,98
EV026,CH007-CH008,,,6/26/2018 18:03,6/26/2018 18:10,317.356,378.24,38.029,49,99.5
EV026,CH007-CH008,,,6/26/2018 18:39,6/26/2018 18:41,276.515,372.4,17.487,76.5,100
EV026,CH007-CH008,,,6/26/2018 22:29,6/26/2018 23:30,292.48,367.88,32.174,57,100
EV026,CH007-CH008,,,6/28/2018 6:04,6/28/2018 6:12,159.791,177.02,13.539,57,75.5
EV026,CH007-CH008,,,6/28/2018 6:58,6/28/2018 7:04,76.38,142.1,0.235,,68
EV026,CH007-CH008,,,6/28/2018 7:55,6/28/2018 8:00,137.177,146.24,11.494,59,75
EV026,CH007-CH008,,,6/28/2018 8:58,6/28/2018 9:03,182.924,241,33.435,50,95
EV026,CH007-CH008,,,6/28/2018 9:58,6/28/2018 10:04,132.602,252.76,26.25,50.5,85.5
EV026,CH007-CH008,,,6/28/2018 10:55,6/28/2018 11:01,212.361,229.2,12.163,51.5,67.5
EV026,CH007-CH008,,,6/28/2018 11:57,6/28/2018 12:04,138.428,242.16,18.567,39.5,82.5
EV026,CH007-CH008,,,6/28/2018 12:57,6/28/2018 13:02,223.515,267.8,45.962,37,98.5
EV026,CH007-CH008,,,6/28/2018 13:57,6/28/2018 14:05,123.205,129.58,21.738,30.5,59.5
EV026,CH007-CH008,,,6/28/2018 15:01,6/28/2018 15:07,168.388,188.18,14.613,,54.5
EV026,CH007-CH008,,,6/28/2018 15:58,6/28/2018 16:04,260.626,361.58,20.881,72.5,100
EV026,CH007-CH008,,,6/28/2018 17:01,6/28/2018 17:09,169.392,256.46,4.128,67.5,100
EV026,CH007-CH008,,,6/28/2018 18:01,6/28/2018 18:07,187.185,269.88,24.308,65,99.5
EV026,CH007-CH008,,,7/9/2018 6:08,7/9/2018 6:17,142.429,263.82,29.629,53.5,92.5
EV026,CH007-CH008,,,7/9/2018 7:01,7/9/2018 7:08,234.967,304.88,19.976,58.5,86
EV026,CH007-CH008,,,7/9/2018 7:57,7/9/2018 8:02,201.508,245.18,25.633,63,100
EV026,CH007-CH008,,,7/9/2018 8:55,7/9/2018 9:00,69.204,117,1.115,98,99.5
EV026,CH007-CH008,,,7/9/2018 10:04,7/9/2018 10:11,212.896,275.24,11.082,58.5,74.5
EV026,CH007-CH008,,,7/9/2018 11:07,7/9/2018 11:09,174.732,262.24,31.801,57,99.5
EV026,CH007-CH008,,,7/9/2018 12:00,7/9/2018 12:08,302.918,350.82,31.749,54.5,95.5
EV026,CH007-CH008,,,7/9/2018 13:01,7/9/2018 13:09,313.785,319.04,21.835,69,99.5
EV026,CH007-CH008,,,7/11/2018 6:10,7/11/2018 6:15,263.986,332.24,42.358,32.5,88.5
EV026,CH007-CH008,,,7/11/2018 7:01,7/11/2018 7:06,330.241,373.06,20.626,71,98
EV026,CH007-CH008,,,7/11/2018 8:00,7/11/2018 8:08,208.971,294.86,15.144,72.5,91.5
EV026,CH007-CH008,,,7/11/2018 9:01,7/11/2018 9:06,114.803,134.54,4.307,93.5,99
EV026,CH007-CH008,,,7/11/2018 10:03,7/11/2018 10:10,179.145,278.78,20.181,60.5,88
EV026,CH007-CH008,,,7/11/2018 11:07,7/11/2018 11:10,282.877,326.9,22.212,62,92.5
EV026,CH007-CH008,,,7/11/2018 11:57,7/11/2018 12:05,69.39,124.14,1.915,97,100
EV026,CH007-CH008,,,7/11/2018 13:03,7/11/2018 13:09,308.153,373.38,10.182,86,100
EV026,CH007-CH008,,,7/11/2018 14:20,7/11/2018 14:27,206.667,284.46,19.127,62.5,89
EV026,CH007-CH008,,,7/11/2018 15:19,7/11/2018 15:25,190.555,379.1,10.604,85.5,99
EV026,CH007-CH008,,,7/11/2018 16:18,7/11/2018 16:24,228.191,310.76,28.008,61,99.5
EV026,CH007-CH008,,,7/11/2018 17:42,7/11/2018 17:51,258.323,360.9,5.688,74,81
EV026,CH007-CH008,,,7/11/2018 18:45,7/11/2018 18:52,243.263,311.82,29.212,60,100
EV026,CH007-CH008,,,7/13/2018 6:09,7/13/2018 6:16,291.385,356.02,13.261,48.5,99.5
EV026,CH007-CH008,,,7/13/2018 6:55,7/13/2018 7:00,288.933,364.36,18.849,74.5,98.5
EV026,CH007-CH008,,,7/13/2018 7:55,7/13/2018 8:00,235.47,302.82,18.927,47.5,100
EV026,CH007-CH008,,,7/13/2018 8:57,7/13/2018 9:02,200.136,266.3,24.756,47.5,80.5
EV026,CH007-CH008,,,7/13/2018 9:58,7/13/2018 10:03,200.851,282.58,20.713,72.5,99.5
EV026,CH007-CH008,,,7/13/2018 10:55,7/13/2018 11:02,306.096,365.56,6.415,79.5,87.5
EV026,CH007-CH008,,,7/13/2018 11:56,7/13/2018 12:01,223.322,287.1,32.143,56.5,100
EV026,CH007-CH008,,,7/13/2018 12:52,7/13/2018 12:57,175.922,294.14,14.821,55,98.5
EV026,CH007-CH008,,,7/13/2018 14:01,7/13/2018 14:05,186.286,313.88,25.813,59.5,93
EV026,CH007-CH008,,,7/13/2018 15:01,7/13/2018 15:07,223.096,357.6,3.846,55,60.5
EV026,CH007-CH008,,,7/13/2018 15:59,7/13/2018 16:05,269.642,367.5,18.854,74.5,99
EV026,CH007-CH008,,,7/13/2018 16:56,7/13/2018 17:02,197.344,309.76,23.934,55.5,86.5
EV026,CH007-CH008,,,7/13/2018 18:10,7/13/2018 18:14,323.959,368.18,21.002,57.5,86
EV026,CH007-CH008,,,7/13/2018 18:40,7/13/2018 18:44,195.563,304.3,20.371,58.5,86
EV026,CH007-CH008,,,7/17/2018 6:09,7/17/2018 6:16,324.382,365.2,23.867,59,91
EV026,CH007-CH008,,,7/17/2018 6:57,7/17/2018 7:01,233.638,336.34,23.448,66,99.5
EV026,CH007-CH008,,,7/17/2018 8:00,7/17/2018 8:05,275.935,341.32,18.686,67.5,94.5
EV026,CH007-CH008,,,7/17/2018 9:00,7/17/2018 9:05,275.096,355.38,20.279,73,100
EV026,CH007-CH008,,,7/17/2018 9:57,7/17/2018 10:02,117.997,319.44,26.918,62.5,100
EV026,CH007-CH008,,,7/17/2018 11:01,7/17/2018 11:08,134.819,195.54,2.353,96.5,100
EV026,CH007-CH008,,,7/17/2018 12:04,7/17/2018 12:09,227.092,372.9,16.12,78.5,99
EV026,CH007-CH008,,,7/17/2018 12:58,7/17/2018 13:03,274.269,311.22,20.508,67.5,95
EV026,CH007-CH008,,,7/17/2018 13:59,7/17/2018 14:05,219.543,327.7,11.194,27,42.5
EV026,CH007-CH008,,,7/17/2018 15:00,7/17/2018 15:06,341.485,369.92,31.355,58,100
EV026,CH007-CH008,,,7/17/2018 16:00,7/17/2018 16:06,289.68,357.24,11.251,57,100
EV026,CH007-CH008,,,7/17/2018 17:02,7/17/2018 17:09,207.17,362.98,4.801,78.5,84.5
EV026,CH007-CH008,,,7/17/2018 18:04,7/17/2018 18:10,179.993,313.38,9.412,56,100
EV026,CH007-CH008,,,7/17/2018 18:39,7/17/2018 18:44,280.717,330.6,17.097,77,100
EV026,CH007-CH008,,,7/18/2018 16:16,7/18/2018 16:21,269.133,318.74,19.31,74.5,100
EV026,CH007-CH008,,,7/18/2018 17:08,7/18/2018 17:14,292.022,362.98,21.581,71.5,100
EV026,CH007-CH008,,,7/18/2018 18:06,7/18/2018 18:12,276.341,328.82,17.961,76,100
EV026,CH007-CH008,,,7/19/2018 6:08,7/19/2018 6:15,79.584,93.42,0.842,98,99
EV026,CH007-CH008,,,7/19/2018 6:58,7/19/2018 7:02,208.412,330.9,3.594,61,66
EV026,CH007-CH008,,,7/19/2018 7:53,7/19/2018 8:01,36.355,314.76,34.599,53,100
EV026,CH007-CH008,,,7/19/2018 8:54,7/19/2018 8:59,,,17.928,76,99.5
EV026,CH007-CH008,,,7/19/2018 9:59,7/19/2018 10:06,,,25.449,63.5,99
EV026,CH007-CH008,,,7/19/2018 10:59,7/19/2018 11:04,,,18.861,75,99.5
EV026,CH007-CH008,,,7/19/2018 12:05,7/19/2018 12:09,,,27.627,61.5,99
EV026,CH007-CH008,,,7/19/2018 12:58,7/19/2018 13:06,,,23.961,59.5,90.5
EV026,CH007-CH008,,,7/19/2018 14:13,7/19/2018 14:19,,,21.474,71.5,99.5
EV026,CH007-CH008,,,7/19/2018 15:09,7/19/2018 15:15,,,29.82,59,98.5
EV026,CH007-CH008,,,7/19/2018 16:11,7/19/2018 16:18,,,20.138,73.5,98.5
EV026,CH007-CH008,,,7/19/2018 17:14,7/19/2018 17:20,,,29.539,59.5,99
EV026,CH007-CH008,,,7/19/2018 18:18,7/19/2018 18:25,,,33.804,55.5,100
EV026,CH007-CH008,,,7/20/2018 6:07,7/20/2018 6:13,,,33.657,53.5,96
EV026,CH007-CH008,,,7/20/2018 6:51,7/20/2018 6:59,,,42.918,41.5,99
EV026,CH007-CH008,,,7/20/2018 7:54,7/20/2018 7:57,,,47.952,17.5,82.5
EV026,CH007-CH008,,,7/20/2018 8:53,7/20/2018 8:58,,,35.149,52.5,99
EV026,CH007-CH008,,,7/20/2018 9:59,7/20/2018 10:06,,,34.01,55,99
EV026,CH007-CH008,,,7/20/2018 10:54,7/20/2018 10:59,,,10.943,67,83.5
EV026,CH007-CH008,,,7/20/2018 12:02,7/20/2018 12:06,,,32.949,56.5,99
EV026,CH007-CH008,,,7/20/2018 12:58,7/20/2018 13:06,,,14.206,72.5,87
EV026,CH007-CH008,,,7/20/2018 13:57,7/20/2018 14:03,,,25.461,63.5,100
EV026,CH007-CH008,,,7/20/2018 15:00,7/20/2018 15:08,,,16.856,73,92.5
EV026,CH007-CH008,,,7/20/2018 16:04,7/20/2018 16:10,,,19.18,74.5,99.5
EV026,CH007-CH008,,,7/20/2018 17:03,7/20/2018 17:09,,,17.842,76,99.5
EV026,CH007-CH008,,,7/20/2018 18:08,7/20/2018 18:14,,,22.887,67,99
EV026,CH007-CH008,,,7/23/2018 6:11,7/23/2018 6:18,,,24.628,65,98.5
EV026,CH007-CH008,,,7/23/2018 6:59,7/23/2018 7:07,,,47.21,34.5,96
EV026,CH007-CH008,,,7/23/2018 7:59,7/23/2018 8:04,,,18.326,44,67
EV026,CH007-CH008,,,7/23/2018 9:00,7/23/2018 9:05,,,35.79,37.5,84
EV026,CH007-CH008,,,7/23/2018 10:02,7/23/2018 10:08,,,33.113,32.5,73
EV026,CH007-CH008,,,7/23/2018 11:05,7/23/2018 11:11,,,0.516,,85
EV026,CH007-CH008,,,7/23/2018 12:01,7/23/2018 12:07,,,17.109,77,99
EV026,CH007-CH008,,,7/23/2018 13:00,7/23/2018 13:05,,,27.651,61,99
EV026,CH007-CH008,,,7/23/2018 14:01,7/23/2018 14:06,,,21.833,63,96
EV026,CH007-CH008,,,7/23/2018 14:57,7/23/2018 15:04,,,32.527,56,98
EV026,CH007-CH008,,,7/23/2018 16:08,7/23/2018 16:13,,,29.473,55.5,92.5
EV026,CH007-CH008,,,7/23/2018 17:04,7/23/2018 17:10,,,25.669,57.5,96
EV026,CH007-CH008,,,7/23/2018 18:06,7/23/2018 18:12,,,23.515,66,99.5
EV026,CH007-CH008,,,7/24/2018 6:10,7/24/2018 6:17,,,27.62,61.5,99
EV026,CH007-CH008,,,7/24/2018 6:59,7/24/2018 7:06,,,26.885,62.5,99
EV026,CH007-CH008,,,7/24/2018 7:57,7/24/2018 8:01,,,19.688,74,100
EV026,CH007-CH008,,,7/24/2018 8:57,7/24/2018 9:02,,,28.842,60,99
EV026,CH007-CH008,,,7/24/2018 10:00,7/24/2018 10:05,,,10.203,86,100
EV026,CH007-CH008,,,7/24/2018 11:02,7/24/2018 11:07,,,32.96,56,98.5
EV026,CH007-CH008,,,7/24/2018 12:07,7/24/2018 12:13,,,23.237,60,95
EV026,CH007-CH008,,,7/24/2018 13:03,7/24/2018 13:07,,,32.53,56.5,99
EV026,CH007-CH008,,,7/24/2018 14:04,7/24/2018 14:09,,,33.705,55,99
EV026,CH007-CH008,,,7/24/2018 15:03,7/24/2018 15:09,,,26.397,57,96.5
EV026,CH007-CH008,,,7/24/2018 15:59,7/24/2018 16:04,,,33.149,56,99
EV026,CH007-CH008,,,7/24/2018 16:57,7/24/2018 17:03,,,23.986,65.5,99.5
EV026,CH007-CH008,,,7/24/2018 18:09,7/24/2018 18:16,,,30.543,58,99
EV026,CH007-CH008,,,7/25/2018 6:09,7/25/2018 6:17,,,20.765,72.5,99
EV026,CH007-CH008,,,7/25/2018 6:58,7/25/2018 7:04,,,18.017,76,99.5
EV026,CH007-CH008,,,7/25/2018 7:56,7/25/2018 8:02,,,25.761,63.5,98.5
EV026,CH007-CH008,,,7/25/2018 8:59,7/25/2018 9:06,,,9.801,86,99.5
EV026,CH007-CH008,,,7/25/2018 9:57,7/25/2018 10:02,,,21.35,71,99
EV026,CH007-CH008,,,7/25/2018 10:56,7/25/2018 11:02,,,29.697,59,100
EV026,CH007-CH008,,,7/25/2018 12:01,7/25/2018 12:06,,,26.907,60.5,94.5
EV026,CH007-CH008,,,7/25/2018 12:55,7/25/2018 13:02,,,32.603,56.5,99
EV026,CH007-CH008,,,7/25/2018 13:58,7/25/2018 14:04,,,29.537,59,99
EV026,CH007-CH008,,,7/25/2018 14:54,7/25/2018 15:01,,,32.075,57,99
EV026,CH007-CH008,,,7/25/2018 15:59,7/25/2018 16:07,,,25.471,64,99.5
EV026,CH007-CH008,,,7/25/2018 17:01,7/25/2018 17:08,,,26.681,62.5,99
EV026,CH007-CH008,,,7/25/2018 18:02,7/25/2018 18:10,,,21.319,72,99.5
EV026,CH007-CH008,,,7/27/2018 6:07,7/27/2018 6:13,,,21.083,72,99
EV026,CH007-CH008,,,7/27/2018 6:53,7/27/2018 6:59,,,22.374,67.5,99
EV026,CH007-CH008,,,7/27/2018 7:59,7/27/2018 8:04,,,16.789,77.5,99
EV026,CH007-CH008,,,7/27/2018 8:59,7/27/2018 9:04,,,31.255,58,99
EV026,CH007-CH008,,,7/27/2018 9:59,7/27/2018 10:04,,,21.12,72,99
EV026,CH007-CH008,,,7/27/2018 11:01,7/27/2018 11:05,,,20.668,72.5,99
EV026,CH007-CH008,,,7/27/2018 11:58,7/27/2018 12:07,,,20.502,72.5,99
EV026,CH007-CH008,,,7/27/2018 12:53,7/27/2018 12:58,,,24.136,65.5,99.5
EV026,CH007-CH008,,,7/27/2018 14:05,7/27/2018 14:11,,,20.79,72.5,99.5
EV026,CH007-CH008,,,7/27/2018 14:54,7/27/2018 15:01,,,21.869,71.5,100
EV026,CH007-CH008,,,7/27/2018 15:59,7/27/2018 16:06,,,20.128,73.5,99.5
EV026,CH007-CH008,,,7/27/2018 16:58,7/27/2018 17:05,,,25.925,63.5,100
EV026,CH007-CH008,,,7/27/2018 17:56,7/27/2018 18:02,,,15.737,74,99
EV026,CH007-CH008,,,7/30/2018 18:58,7/30/2018 19:35,,,16.786,77.5,99.5
EV026,CH007-CH008,,,8/1/2018 6:06,8/1/2018 6:15,,,19.246,74.5,100
EV026,CH007-CH008,,,8/1/2018 6:54,8/1/2018 6:59,,,17.403,77,99.5
EV026,CH007-CH008,,,8/1/2018 7:56,8/1/2018 8:01,,,15.606,79,99.5
EV026,CH007-CH008,,,8/1/2018 8:55,8/1/2018 9:00,,,31.372,57,99.5
EV026,CH007-CH008,,,8/1/2018 9:54,8/1/2018 9:59,,,21.418,71.5,99
EV026,CH007-CH008,,,8/1/2018 10:57,8/1/2018 11:00,,,28.141,60.5,98.5
EV026,CH007-CH008,,,8/1/2018 11:53,8/1/2018 12:01,,,22.729,67.5,99
EV026,CH007-CH008,,,8/1/2018 12:59,8/1/2018 13:06,,,24.459,65,99
EV026,CH007-CH008,,,8/1/2018 13:55,8/1/2018 14:00,,,40.292,45.5,99
EV026,CH007-CH008,,,8/1/2018 14:54,8/1/2018 15:03,,,19.491,74,99.5
EV026,CH007-CH008,,,8/1/2018 16:05,8/1/2018 16:12,,,17.664,76.5,99.5
EV026,CH007-CH008,,,8/1/2018 17:00,8/1/2018 17:07,,,17.855,76.5,99
EV026,CH007-CH008,,,8/1/2018 18:03,8/1/2018 18:09,,,32.981,56,100
EV026,CH007-CH008,,,8/2/2018 6:08,8/2/2018 6:14,,,18.503,76.5,99.5
EV026,CH007-CH008,,,8/2/2018 6:57,8/2/2018 7:01,,,46.188,35,99.5
EV026,CH007-CH008,,,8/2/2018 7:56,8/2/2018 8:02,,,27.775,61,100
EV026,CH007-CH008,,,8/2/2018 8:54,8/2/2018 8:58,,,20.805,72.5,99.5
EV026,CH007-CH008,,,8/2/2018 10:10,8/2/2018 10:12,,,26.927,62,99.5
EV026,CH007-CH008,,,8/2/2018 10:56,8/2/2018 11:04,,,21.886,68,99
EV026,CH007-CH008,,,8/2/2018 11:56,8/2/2018 12:03,,,22.855,67,100
EV026,CH007-CH008,,,8/2/2018 12:59,8/2/2018 13:04,,,19.64,74,99.5
EV026,CH007-CH008,,,8/2/2018 14:00,8/2/2018 14:06,,,24.466,65,99
EV026,CH007-CH008,,,8/2/2018 15:00,8/2/2018 15:07,,,21.332,72,99
EV026,CH007-CH008,,,8/2/2018 16:14,8/2/2018 16:19,,,22.424,67,99
EV026,CH007-CH008,,,8/2/2018 17:05,8/2/2018 17:11,,,18.102,76,99.5
EV026,CH007-CH008,,,8/2/2018 18:00,8/2/2018 18:07,,,19.333,74.5,99.5
EV026,CH007-CH008,,,8/7/2018 6:02,8/7/2018 6:09,,,33.072,56,100
EV026,CH007-CH008,,,8/7/2018 6:55,8/7/2018 7:00,,,35.908,51.5,99
EV026,CH007-CH008,,,8/7/2018 8:00,8/7/2018 8:05,,,24.662,37.5,67
EV026,CH007-CH008,,,8/7/2018 9:02,8/7/2018 9:06,,,27.365,37,74.5
EV026,CH007-CH008,,,8/7/2018 10:00,8/7/2018 10:05,,,25.082,38,72.5
EV026,CH007-CH008,,,8/7/2018 10:52,8/7/2018 10:58,,,24.488,65,99.5
EV026,CH007-CH008,,,8/7/2018 11:56,8/7/2018 12:00,,,21.394,71.5,99.5
EV026,CH007-CH008,,,8/7/2018 12:57,8/7/2018 13:04,,,18.85,75,99.5
EV026,CH007-CH008,,,8/7/2018 13:56,8/7/2018 13:59,,,16.713,77.5,99
EV026,CH007-CH008,,,8/7/2018 14:54,8/7/2018 15:03,,,17.652,76,98.5
EV026,CH007-CH008,,,8/7/2018 15:52,8/7/2018 15:57,,,16.995,77.5,99.5
EV026,CH007-CH008,,,8/7/2018 17:07,8/7/2018 17:11,,,20.859,72.5,99.5
EV026,CH007-CH008,,,8/7/2018 18:00,8/7/2018 18:08,,,36.36,51,100
EV026,CH007-CH008,,,8/9/2018 6:07,8/9/2018 6:10,,,32.414,56.5,99
EV026,CH007-CH008,,,8/9/2018 6:53,8/9/2018 7:01,,,24.223,65,99
EV026,CH007-CH008,,,8/9/2018 7:55,8/9/2018 8:00,,,22.096,68,99.5
EV026,CH007-CH008,,,8/9/2018 8:53,8/9/2018 8:59,,,24.644,65,99.5
EV026,CH007-CH008,,,8/9/2018 9:56,8/9/2018 10:03,,,24.962,64.5,99.5
EV026,CH007-CH008,,,8/9/2018 10:51,8/9/2018 10:56,,,25.827,63.5,98
EV026,CH007-CH008,,,8/9/2018 12:01,8/9/2018 12:04,,,23.636,66,99
EV026,CH007-CH008,,,8/9/2018 12:58,8/9/2018 13:02,,,20.354,73,100
EV026,CH007-CH008,,,8/9/2018 13:52,8/9/2018 14:01,,,17.59,76.5,99
EV026,CH007-CH008,,,8/9/2018 14:56,8/9/2018 15:03,,,18.019,76,99
EV026,CH007-CH008,,,8/9/2018 15:58,8/9/2018 16:05,,,17.502,76.5,100
EV026,CH007-CH008,,,8/9/2018 15:58,8/9/2018 16:05,,,18.534,75.5,99
EV026,CH007-CH008,,,8/9/2018 17:02,8/9/2018 17:10,,,18.089,76,100
EV026,CH007-CH008,,,8/9/2018 18:03,8/9/2018 18:09,,,19.637,74,99.5
EV026,CH007-CH008,,,8/10/2018 6:06,8/10/2018 6:12,,,34.202,54,99
EV026,CH007-CH008,,,8/10/2018 6:56,8/10/2018 7:03,,,32.908,56,99.5
EV026,CH007-CH008,,,8/10/2018 7:56,8/10/2018 7:59,,,33.693,55.5,99
EV026,CH007-CH008,,,8/10/2018 8:55,8/10/2018 9:00,,,34.622,54,99
EV026,CH007-CH008,,,8/10/2018 9:57,8/10/2018 10:04,,,27.771,55,87
EV026,CH007-CH008,,,8/10/2018 10:54,8/10/2018 10:59,,,44.074,42,99
EV026,CH007-CH008,,,8/10/2018 11:58,8/10/2018 12:03,,,29.514,47,83
EV026,CH007-CH008,,,8/10/2018 13:03,8/10/2018 13:12,,,28.576,54.5,88.5
EV026,CH007-CH008,,,8/10/2018 14:04,8/10/2018 14:09,,,21.396,71,98
EV026,CH007-CH008,,,8/10/2018 15:02,8/10/2018 15:10,,,32.81,56.5,99.5
EV026,CH007-CH008,,,8/10/2018 16:04,8/10/2018 16:09,,,33.986,55,99
EV026,CH007-CH008,,,8/10/2018 17:11,8/10/2018 17:19,,,24.214,65.5,99.5
EV026,CH007-CH008,,,8/10/2018 18:14,8/10/2018 18:20,,,32.897,56.5,99.5
EV026,CH007-CH008,,,8/10/2018 18:48,8/10/2018 18:52,,,16.443,78,99.5
